,info,title,advantage,drawback,opinion,promotion,welfaresalary,worklifebalance,culture,executives,total,date,region,workingstatus,department
0,서비스/고객지원 | 현직원 | 서울 | 2019/8/23,나이 어리고 버티면 승리하는 회사 일하면서 연차 쌓이면 자연스럽게 승진,소속 브랜드 50프로 할인 매장마다 분위기가 있는데 분위기 좋으면 일하기 좋음,매장 상황상 스텝과 함께 근무 해야하는데 스텝이 무단으로 결근하면 직원이 힘듦 공휴일 대체 휴무 없음,,2.0,2.0,2.0,1.0,2.0,1.8,2019-08-23 00:00:00, 서울 , 현직원 ,서비스/고객지원 
1,영업/제휴 | 현직원 | 서울 | 2019/8/21,첫 회사로는 좋은 회사 대리 이후가 없는 회사 인재 귀한줄 모르는 회사,처음부터 일을 맡아 해볼 수 있음 개인의 능력에 의지하기 때문에 경험실력 쌓기가 좋음,대리 이후 승진 어려움 대부분 기독교전략기획정치가만 가능 인재 귀한줄 모름,연봉 동결 그만하길 직원에게 돌려줘야할 것은 돌려줄것 매출 잘 해도 정당한 보상 없음 승진 경영진만 하지말고 실무자도 시킬 것,1.0,2.0,2.0,2.0,1.0,1.6,2019-08-21 00:00:00, 서울 , 현직원 ,영업/제휴 
2,디자인 | 전직원 | 서울 | 2019/8/15,정직원에 한해서는 대기업이라서 그런지 복지가 좋다 다른 회사들과 차별화된 이랜드만의 시스템과 일하는 방식이 있다,기독교 회사이기 때문에 회식이 없다 회식이 아닌 개인적으로도 회사주변에서 술을 자제하는 분위기라 대부분 식사로 끝나고 집에가서 좋다 직원 교육에 신경을 많이 쓰는 듯하다 다양한 많은 교육을 받았었다,일주일에 한번씩 근무시간 전에 일찍 출근해서 전직원이 예배를드린다 교회목사님도 오시고 찬송도 부른다 기독교인이 아니라면 적응하기 힘든부분이 많다 사간이 많이 지나서 지금도 그런지는 모르겠다,이랜드만의 시스템을 고수하지말고 다른회사들과 맞춰 시스템의 변화를 주는 것도 좋을 것 같다 경력직분들이 오셨을때 다른 시스템으로 적응에 힘들어 한다는 소리를 많이 들었었다,3.0,5.0,3.0,4.0,4.0,3.8,2019-08-15 00:00:00, 서울 , 전직원 ,디자인 
3,마케팅/시장조사 | 전직원 | 서울 | 2019/8/15,하루하루가빡셈업무량이 너무많고 분위기가 험함,인내심을 기를수있으며 똑똑한 사람들에게 배우는것도있다 연봉상승률은 괜찮다,비효율적인 업무 처리방식 수직적 구조와 업무량의 분배 필요성,업무량 조절을 할 필요성,3.0,3.0,2.0,2.0,2.0,2.4,2019-08-15 00:00:00, 서울 , 전직원 ,마케팅/시장조사 
4,디자인 | 현직원 | 서울 | 2019/8/13,삽질 굉장히 많이 하는 곳 업무를 못함,부서마다 다르지만 칼퇴였음 그리고 주변사람들을 보니 휴직이 그나마 자유롭고 재입사도 많음 부서간의 이동도 비교적 쉬운편,너무 쓸데없는 일이 많아 일에 집중을 못함 꼰대가 많음 독후감 써야함,,1.0,2.0,4.0,3.0,1.0,2.2,2019-08-13 00:00:00, 서울 , 현직원 ,디자인 
5,마케팅/시장조사 | 전직원 | 서울 | 2019/8/9, 신입으로 입사해서 경력직으로 나가기 괜찮은 곳  오래 있으면 도태되는 곳, 패션 시장의 변화 및 트렌드에 민감하고 고객의 소리에 집중하여 가치를 만드려 노력함  연봉 높은 편  워라밸 생각보다 지키려 노력함, 일 하는 사람만 하는 구조 그렇다고 일 하는 사람에게 성과나 보상이 돌아가지 않고 입 잘 터는 사람에게만 혜택 주어짐  소통이 안 됨 불통  인사 적체 인사 자체가 말도 안 됨  개인이 회사를 떠받드는 구조  워라밸은 지켜지지만 주말에도 계속 일하는 느낌, 인사 개혁  보상 개혁,1.0,4.0,4.0,2.0,1.0,2.4,2019-08-09 00:00:00, 서울 , 전직원 ,마케팅/시장조사 
6,디자인 | 전직원 | 서울 | 2019/8/6,야근많고 일도많다 복지는 좋았음 하지만 업무량이 정말 많았다,사업기반이 안정적이고 체계적인 조직으로 일이 세분화되어있어서 전문성이 있으며 조직내 이상한 사람은 없었음,연차쓰기 눈치보이고 생각보다 자유로운 분위기는 아님 개인적으로 기독교 문화 좋아했지만 종교적 이념이 다르면 다니기 어려울것같다,직원들의 불만을 듣지만말고 해결해줄 수 있었으면 좋겠다,3.0,4.0,2.0,3.0,2.0,2.8,2019-08-06 00:00:00, 서울 , 전직원 ,디자인 
7,디자인 | 전직원 | 서울 | 2019/7/31,체계가 잘 잡혀있고 시스템은 대형회사다움 트레이닝 시스템이 잘되어있어서 교육을 많이 받음,확실히 회사 돌아가는 시스템이나 직원 트레이닝에대해 체계가 잘 잡혀있어서 기본부터 배울 수 있었음,인원충원이 너무 안됨 혼자서 1인3역을 한다고해도 무방함 그리고 일이 너무 많다보니 야근도 잦음 정말 힘들었음,인원충원에 조금 더 힘써줬음 좋겠고 승진기회가 더 자주 올수있었으면 좋겟다,3.0,3.0,3.0,4.0,3.0,3.2,2019-07-31 00:00:00, 서울 , 전직원 ,디자인 
8,디자인 | 전직원 | 서울 | 2019/7/17,보수적이지만 그렇지 않은 척 하는 편 복지 등이 나쁘지 않다,보수적이지만 대기업이라 그런지 노력하는 편 연차 눈치 안보고 쓸 수 있음 비교적 자유로운 분위기,부서마다 분위기가 많이 다르다 기독교회사라 그런지 비종교인은 가끔 불편할 수 있음 좀 보수적인 분위기 야근하지 말라고 하지만 야근 있음,사내 분위기가 더 자유롭고 활발해지면 좋을 듯 하다,3.0,3.0,2.0,2.0,3.0,2.6,2019-07-17 00:00:00, 서울 , 전직원 ,디자인 
9,마케팅/시장조사 | 현직원 | 서울 | 2019/7/17,모든 것이 빠른 곳 사람도 빨리 바뀌고 목표도 빨리 바뀐다,연차 눈치 안보고 쓸 수 있음 팀마다 다르겠지만 칼퇴많이함,보고 및 피드백을 너무 많이함 보고서쓰다가 하루가 다가는 정도,중장기목표를 가지고 중심을 잡고 회사가 흘러갔으면 좋겠음,3.0,4.0,3.0,2.0,2.0,2.8,2019-07-17 00:00:00, 서울 , 현직원 ,마케팅/시장조사 
10,디자인 | 전직원 | 서울 | 2019/7/15,일은 빡세지만 단기간에 배울 수 있는 곳 빡센 만큼 워라벨은 케바케,기독교 회사라 술 회식이 없다 다양한 사업부가 있어 정 아니다 싶으면 다른 것으로 이동할수 있다,기도타임을 위한 빠른 출근과 야근으로 인한 워라벨이 지켜지지 않는 점 기독교가 아닌 사람들이 공감하기 어려운 일부 문화,직원들의 삶의 질을 지켜주세요 아껴주는 만큼 성장할 사람들이 모여 있습니다,4.0,3.0,1.0,3.0,2.0,2.6,2019-07-15 00:00:00, 서울 , 전직원 ,디자인 
11,디자인 | 전직원 | 서울 | 2019/7/10,구식으로 주먹구구 일하는게 자랑인 줄 아는 회사 꼰대천국,회식이 없다 나머지는 쥐어짜낼래도 없음 30자도 쓰기 힘든 현실이 슬픕니다연말정산이 많이 편해졌습니다 이제 진짜 없음,장점 외 모든게 단점 디자인직군 신입 안뽑고 위로 승진도 없어서 고인물 쩔,,1.0,2.0,1.0,1.0,1.0,1.2,2019-07-10 00:00:00, 서울 , 전직원 ,디자인 
12,디자인 | 현직원 | 서울 | 2019/7/5,정치질로 살아남은 고인물들이 가득한 회사 젊은이들은 피빨리고 퇴사해서 다른데가서 인정받으면 됨,연차 자유롭게 사용 월급 루팡은 마음만 먹으면 얼마든지 가능,승진 급여 체계의 투명함 제로 과장 이상은 고인물 90,,2.0,4.0,3.0,2.0,1.0,2.4,2019-07-05 00:00:00, 서울 , 현직원 ,디자인 
13,영업/제휴 | 현직원 | 서울 | 2019/7/3,벤처도 스타트업만도 아닌 구멍가게만도 못한 업무 프로세스,기업 문화 좋음  자유로운 의사소통 육아휴직 연차사용 등,쓸 데 없는 피드백 고객조사 문서 작성 너무 많음 투자 너무 없음 제멋대로인 평가승진,단기성과에 급급하지 않고 장기적으로 내다봐야 함,2.0,4.0,3.0,4.0,1.0,2.8,2019-07-03 00:00:00, 서울 , 현직원 ,영업/제휴 
14,경영/기획/컨설팅 | 전직원 | 서울 | 2019/7/2,과거보다 많이 개선되었다고는 하지만 아직도 대기업의 자질이 있어 보이는 경영진과 회사는 아님,직급에 비해 기회를 많이 주고 특히 신입사원이 교육 받기에는 적합하다,정치가 심하고 시스템이 아직 갖춰있지 않아 퇴직금 계산도 제대로 하지 못하는 회사,,2.0,1.0,1.0,2.0,1.0,1.4,2019-07-02 00:00:00, 서울 , 전직원 ,경영/기획/컨설팅 
15,생산/제조 | 현직원 | 서울 | 2019/6/30,한때 전성기를 누렸으나 지금은 하락세를 면치 못하는 회사,술자리와 회식이 없고 야근도 52시간 근무로 줄어들고 있는 추세 업계에서는 연봉도 좋은편,비합리적인 인사평가 제도 회사가 아니라 학교 같은느낌으로 실력 보다는 관계성이 인사고과에 큰 영향을 미침,,1.0,3.0,4.0,1.0,1.0,2.0,2019-06-30 00:00:00, 서울 , 현직원 ,생산/제조 
16,서비스/고객지원 | 전직원 | 경기 | 2019/6/28,간단하게 잠깐 일하기는 나쁘지 않은듯 다만 애매하게 조금더 일하고 돈잘리는건 가만해야됨,점심 식사를 옆에 에슐리에서 할수있게 되어있었다 다만 눈치가보일뿐,주방에서 실수하면 생각보다 눈치 엄청 봐야됨 전 근무자가 실수하고 가면 마감때 지옥,조금더 자주 매장을 방문해서 상태를 체크해줬으면 좋겠음,2.0,2.0,2.0,3.0,3.0,2.4,2019-06-28 00:00:00, 경기 , 전직원 ,서비스/고객지원 
17,영업/제휴 | 현직원 | 서울 | 2019/6/24,사원에게도 많은 권한이 주어지는 회사 그만큼 근속년수가 짧다는 의미도있음,개인에게 권한이 많이 주어지고 주도적으로 일하는 분위기,시스템없음 비부가적인 업무가 많음 페이퍼가 많음 보여주기식,직원을 소모품이 아니라 인격적으로 소중히 다뤄주시길 부탁드립니다,1.0,4.0,3.0,1.0,1.0,2.0,2019-06-24 00:00:00, 서울 , 현직원 ,영업/제휴 
18,IT/인터넷 | 전직원 | 서울 | 2019/6/24,신앙이 있으면 편하게 다닐수 있는곳 장교출신 우대함 기타 실력 우대함,기독교신자라면 똘똘 뭉쳐 편하고 진급도 유리함 개인 법카가 있어 저녁식사 자유롭게 먹음 일찍 출근하면 아침 제공,신앙이 없다면 공채 출신이 아니라면 진급에 불리함 매주 한두시간씩 전직원 모여 기도함,,3.0,3.0,3.0,2.0,1.0,2.4,2019-06-24 00:00:00, 서울 , 전직원 ,IT/인터넷 
19,금융/재무 | 전직원 | 서울 | 2019/6/19,아르바이트로는 괜찮으나 정규직으로 다니기에는 주저하게 되는 회사,부서간의 친목도는 좋아보였다 겉으로만 그렇게 보이는 걸수도 중석식대 지원해주는 것과 당연함에도 지켜지지 않는 야근시 야근수당 지급해주는 것은 좋았다,야근 하는 것을 당연하게 여기는 거 같다 업무적으로 서로간의 협업이 더 필요하다,복지 관련해서 더 좋은 방안이 나왔으면 좋겠다 기독교 중심인 회사인거 같아서 아쉽다,2.0,2.0,2.0,3.0,2.0,2.2,2019-06-19 00:00:00, 서울 , 전직원 ,금융/재무 
20,영업/제휴 | 현직원 | 서울 | 2019/6/13,신입이 다니기에 좋다 이거저거 배울수 있다 단 스스로가 파악해야 한다,사람들이 착하다 그래서 학교다니듯이 일을 한다 프로페셔녈하진 못하다,사람을 노예 취급한다 존중하지 않는다 그냥 노예다 그러나 윗사람 잘만나면 편하게 다닌다,임금님 귀는 당나귀 귀 로 회장님 눈과 귀를 막은지 오래,2.0,3.0,3.0,1.0,1.0,2.0,2019-06-13 00:00:00, 서울 , 현직원 ,영업/제휴 
21,경영/기획/컨설팅 | 전직원 | 서울 | 2019/6/10,무난하게 회사 다니고 싶은 사람에게 추천,기독교 회사라 술회식이 없음 다양한 업을 한꺼번에 하고 있어 의식주에 관심잇다면 가볼만함,발전 가능성이 없음 미래지향적이지 않음 프로젝트 기반인디 21 가격에 a급 부르짖다 트렌드를 놓침,현실을 바라봐요,2.0,3.0,3.0,3.0,2.0,2.6,2019-06-10 00:00:00, 서울 , 전직원 ,경영/기획/컨설팅 
22,경영/기획/컨설팅 | 전직원 | 서울 | 2019/6/8,독특한 문화 소유한 계열사가 많아서 혜택 특히 패션쪽으로 많음,안정적임 복장 자율 부서 이동이 수월 브랜드가 많기 때문에 이동하면서 다양한 경험을 하기 좋다 경영진이 고객들에게 다가가려는 노력을 많이함,업무강도 강함 군대식문화 기독교 회사라 그 문화가 어디선가 나옴 짝퉁을 잘 만들어내서 가끔은 쪽팔림,좀 더 직원 관점에서 이끌어가길 다른 브랜드의 잘된 점을 그대로 베끼는 것이 아니라 좀더 창의적인 해결책을 강구하길,4.0,4.0,3.0,3.0,3.0,3.4,2019-06-08 00:00:00, 서울 , 전직원 ,경영/기획/컨설팅 
23,디자인 | 전직원 | 서울 | 2019/6/4,대기업인데 일하는 직원은 스타트업으로 느끼는 신기한 곳,직원들을 위한 복지 괜찮음 내 직무는 디자인인데 다양한 일을 할 수 있음,직급 있는 사람들의 무능함으로 밑에 사람들이 피보는 구조 괜히 일랜드라는 말이 있는게 아님,,3.0,4.0,2.0,1.0,1.0,2.2,2019-06-04 00:00:00, 서울 , 전직원 ,디자인 
24,서비스/고객지원 | 전직원 | 서울 | 2019/6/4,보고 배우기에 좋은 회사 힘든 만큼 여기서 근무 후 타 회사에서 근무한다면 일이 쉽게 느껴질것,복지포인트나 이랜드계열사 의류나 신발 홈퍼니싱 제품등 할인이 좋았습니다,근무 당시 꼭 자회사 의류만 입어야 한다는 점 매장근무시 유니폼 제공이 아닌 일정 금액을 내고 구입해야함 과 근무시간에 따른 보상이 없었음 매장 근무에서 정규직으로 올라가기 까다로웠음,근속년수가 높은 직원들에게 정규직 전환의 기회가 더 많아졌으면 근무 시간에 대한 보상이 적절하게 이루어졌으면,3.0,3.0,2.0,3.0,3.0,2.8,2019-06-04 00:00:00, 서울 , 전직원 ,서비스/고객지원 
25,영업/제휴 | 전직원 | 서울 | 2019/6/4,기독교인으로서 정직한 회사 경영을 경험해볼 수 있음,젊은 조직 기독교 스피릿이 배경 정직한 기업문화 구성원들 좋은 사람들이 정말 많음 회사로부터 부당한 업무지시를 받은 기억이 없음 젊은시절 조직생활을 배우고 일하는 방법을 배울 수 있는 매주 좋은 환경,급여가 적었음 적은 인원으로 너무 많은 일을 시켰던 것이 아쉬움 경비 절감을 위해 직원 복지에도 많은 노력을 해주지 않았던 것이 아쉬움,오랫동만 이랜드와 함께 해왔던 매장주들에 대한 지분을 인정해주어야 함 회사는 크게 성장하였으나 매장주들은 점점 어려워지는 구조,4.0,2.0,1.0,5.0,3.0,3.0,2019-06-04 00:00:00, 서울 , 전직원 ,영업/제휴 
26,영업/제휴 | 현직원 | 해외 | 2019/5/27,고객을 위해서 끊임없이 혁신을 하고자 하는 고객중심 기업,기업의 젊음 문화 및 고객에게 맞추기 위한 끊임없는 자기 혁신 기업,외부 및 고객에 대한 투자에 대한 것 만큼 내부 직원에 대한 투자와 내부 직원의 만족을 위한 혁신이 필요함,더 나은 기업이 되기위해서 우선 직원들과 많은 소통이 필요하다고 봄,3.0,3.0,3.0,4.0,3.0,3.2,2019-05-27 00:00:00, 해외 , 현직원 ,영업/제휴 
27,생산/제조 | 현직원 | 서울 | 2019/5/22,회사가 키우는 사람만 성장의 기회가 있는 곳 경영자들이 답이 없는 곳 비전이 없는 곳 쇠퇴가 예정인 곳,눈에 띄지 않는 조직이나 직무를 잡으면 개꿀일 수 있음,패션 중견 기업 이상의 타이틀이지만 실제로 업무 수준은 뒤떨어짐 90년대 성공 경험이 많은 꼰대 임원들이 회사 정권을 휘어잡고 있어 시대에 한참 뒤떨어지는 전략과 투자 없는 성과만을 쪼는 분위기 실제 경영자가 온라인으로 옷을 사는 고객은 옷을 모르는 고객이다 이런 발언을 할 정도로 4차 산업 시대에 부적응한 노땅들로 임원 구성이 되어있음 신입을 안뽑은지 45년 되어가 대리랜드로 자연스레 수평적인 조직 분위기가 형성됨 하여 어설픈 선임은 버티기 힘든 구조,,1.0,3.0,3.0,3.0,1.0,2.2,2019-05-22 00:00:00, 서울 , 현직원 ,생산/제조 
28,영업/제휴 | 전직원 | 서울 | 2019/5/22,말이 필요없다 그냥 모지리들끼리 정치 싸움 하는 곳 경영자들 보면 한숨이 나오는 곳 하지만 생각보다 허술해서 월급루팡하기도 좋다 장단점이 명확해서 장점이 절 맞으면 다니기 좋은 곳,술 안마신다 술 안마신다  술 안마신다 술 안마신다 술 안마신다  이것 밖애 없는 것 같아,1 과장달면 안짤린다 과장달라면 각종 정치에 아부가 필수다 2 돈은 그래도 좀 준다 하지만 연봉은 매년 동결이다 3 윗대가리들이 진짜 노답이다,정신차려 니들 밥그릇만 챙기다가 진짜 골로간다,1.0,3.0,2.0,2.0,1.0,1.8,2019-05-22 00:00:00, 서울 , 전직원 ,영업/제휴 
29,경영/기획/컨설팅 | 전직원 | 서울 | 2019/5/16,일하기 좋고 모두들 친절했습니다 일하기 편했습니다 모두들 잘해주고 전 괜찮았습니다,분위기가 좋았고 다들 친절하셨습니다 전 매우 만족했습니다,저는 크게 느껴보지 않았지만 약간 위계질서가 심하다는 평은 많이 들어봤습니다,앞으로도 더 신입들에게 투자를 하셔서 더 많은 인원을 채용하면 좋겠습니다,3.0,4.0,4.0,4.0,4.0,3.8,2019-05-16 00:00:00, 서울 , 전직원 ,경영/기획/컨설팅 
30,경영/기획/컨설팅 | 전직원 | 서울 | 2019/5/13,기획자가 대우 받으며 자유롭게 일할 수 있는곳 하지만 일이 많고 많은 노력이 필요하다,나름 자기 개발을 할 수 있다 많은 것을 짧은 시간에 배울 수 있다 스스로 기획 할 쉬 있다,필요하지 않은 많은 일들이 많다 야근이 많다 일이 많다,신규 사업에 적극적인 의지를 보여 줬으면 합리적인 보상 체계를 적용해줬으면,4.0,3.0,2.0,4.0,2.0,3.0,2019-05-13 00:00:00, 서울 , 전직원 ,경영/기획/컨설팅 
31,금융/재무 | 전직원 | 서울 | 2019/5/13,수직적문화라 남자들이 많고 딱딱한 환경에서 업무를 해야한다,자율 출퇴근제와 자율복장으로 근무 시간에는 마음 편하게 근무가능,일년에 한번 하는 인사평가가 너무 주관적이라 승진을 하기가 힘들다,직원들이 원하는 복지와 근무환경에 조금 더 신경을 써주었으면 한다,3.0,3.0,3.0,3.0,3.0,3.0,2019-05-13 00:00:00, 서울 , 전직원 ,금융/재무 
32,경영/기획/컨설팅 | 전직원 | 서울 | 2019/5/3,처음에 잘 모를 때는 그렇지 않은 듯하나 사실상 굉장히 보수적이고 수직적인 조직 권한이 많음에도 다니는 사람들의 업무만족도가 다소 낮음,초봉이 업계 대비 높음 직급 대비 권한을 많이 받는 경우가 많음 52시간제를 지켜야한 뒤로부터는 대부분 칼퇴 가능 8시출근 5시 퇴근,너무나 수직적인 분위기 브랜드 바이 브랜드긴 함 패션을 좋아해서 온 사람들이 실망하는 경우가 많음 능력있는 사람들은 왠지 다 퇴사함 사원급 주임급이 직급 대비 큰 권한을 갖기도 하는 이유 중 하나임 대리 이상 승진은 정치질 필요 초봉만 높고 연봉상승률이 낮은편이며 복지가 거의 없음 어린이집 정도,,2.0,2.0,3.0,1.0,2.0,2.0,2019-05-03 00:00:00, 서울 , 전직원 ,경영/기획/컨설팅 
33,경영/기획/컨설팅 | 전직원 | 해외 | 2019/4/30,기독교 문화가 강요는 아니지만 반드시 따를수 밖에 없는 분위기,비교적 자유로운 기업 분위기 및 상하 관계가 비교적 오픈되어 있어서 딱딱하지 않음,기독교 문화가 강요가 아니라고 하지만 매일 아침에 QT 시간이 있고 일주일에 한번은 월요 예배가 있어서 비기독교인에게는 적응하기 어려운 분위기 그리고 모든 업무의 목적이 수익 창출에 있지만 그보다 더 기독교 문화 확산에 있는듯,종교적인 부분에 대해서 좀 더 오픈 마인드를 가졌으면 함,3.0,3.0,2.0,2.0,3.0,2.6,2019-04-30 00:00:00, 해외 , 전직원 ,경영/기획/컨설팅 
34,디자인 | 현직원 | 서울 | 2019/4/30,오너 중심으로 경영되어 기업문화가 경직되어 있다,대기업이라 복지 관련해서 눈치 안보고 쓰는 것 출산휴가 연차 육아 휴직 등 자유롭다 기독교 회사라 술 마시는 회식 문화가 없다 현 직군에서 다른 회사 대비 연봉이 좋은 편이다,윗사람에게 맞춰주기 위한 무의미한 페이퍼 워크가 많다 제대로된 성과 보상이 이루어지지 않다보니 열심히 일하는 사람이 없고 사람들이 정치만 한다 결국 잘하는 사람은 외부로 빠져나간다,회사가 성장하기 위해서는 사람이 가장 중요한데 무의미한 보고와 잘보이려는 사람에 현혹되어 일 잘하는 사람을 놓치는 것 같다 일 잘하는 사람들을 잡을 수 있도록 경영진이 노력해야 한다,2.0,4.0,3.0,1.0,1.0,2.2,2019-04-30 00:00:00, 서울 , 현직원 ,디자인 
35,서비스/고객지원 | 전직원 | 서울 | 2019/4/26,다닐만 한 회사이미지 나쁘지 않은 회사교통편 괜찮음,나름 수평적인 분위기일을 좀 배울 수 있음이미지 나름 괜찮음,내가 일할 당시에는 사무실이나 그런 환경이 좀 열악 했음,기독교 시간 싫음 기독교 시간 싫음 기독교 시간 싫음 기독교 시간 싫음,3.0,3.0,3.0,3.0,3.0,3.0,2019-04-26 00:00:00, 서울 , 전직원 ,서비스/고객지원 
36,디자인 | 전직원 | 서울 | 2019/4/20,나름 업무에 대한 체계를 배울수 있으나 기독교 정신으로 직원들의 희생을 정당화 하는 회사,빡쎄게 업무를 배울수 있다 다들 일중독처럼 일하기에 다른 회사에 이직하더라도 이랜드 출신을 반긴다,야근이 많다 성과위주의 기업 운영으로 개개인에 대한 평가 기준이 확실해서 내부 경쟁이 심하다,조이고 짜내어 회사의 지출을 줄이려는 것이 오히려 직원들의 의욕을 저하시키는 독이된다 직원의 입장에서 경영하기를 바란다,2.0,3.0,2.0,2.0,3.0,2.4,2019-04-20 00:00:00, 서울 , 전직원 ,디자인 
37,영업/제휴 | 전직원 | 서울 | 2019/4/19,비상장독교기업으로훌륭한회사임을자부함패션유통외식특화된회사이나대기업보다는중견기업수준의그룹시스템성수형님중심의1인오너체제에서최근몇년간비상경영체제전환후내부인재들을리더자로승진시킴유튜브나카페등에회사에대한내용거의다사실인경우가많으나회사에대한애사심이그단점들을커버함,사업부도다양하면젊은시절최선을다해서경험해보기좋은회사임참신하고좋은회사임공식적으로는술먹는회식없음그래서음성적으로만나고술마심술먹는거걸리면경영자될수없음,회사내부규칙과계열사간거래가많음예를들면엑셀을잘해야함이랜드내에서나통하는일하는방식이있고거기서못벗어나면다른회사나가바보됨거기에만족하는분들은과장승진해서잘버팀그런데과장승진을잘안시켜줌거룩한비둘기들의모임최근에신입사원뽑지않고기존직원들계속나가는추세오갈때없고대안없고자신없는자들이많이남아있음거의과장승진잘안시킴06년입사자가아직도대리로남아있을정도로승진을잘안시킴,감사했습니다박성수회장님대단한분이시고비상장회사이지만경영자는참대단하신분,2.0,3.0,3.0,5.0,4.0,3.4,2019-04-19 00:00:00, 서울 , 전직원 ,영업/제휴 
38,미디어/홍보 | 전직원 | 서울 | 2019/4/17,정치판이 되어버린 일랜드 실무를 모르는 리더들의 뜬구름잡는 디렉팅,기업문화는 좋음 체육대회나 꽃구경같은 행사는 꼭 챙기는편,보고서작성이 많고 입으로 일하고 페이퍼로 일하고 정작 현업은 대충,,1.0,2.0,3.0,4.0,1.0,2.2,2019-04-17 00:00:00, 서울 , 전직원 ,미디어/홍보 
39,마케팅/시장조사 | 현직원 | 서울 | 2019/4/16,캠퍼스 생활 같은 회사 생활 그런데 경영자도 다 같은 학생급,동종 업계 높은 연봉 직무 이동이 비교적 자유로움 연차 사용이 자유로운 편,수많은 페이퍼 업무 오버헤드 실무 경험과 능력이 부족한 경영자 다수,,3.0,3.0,2.0,2.0,1.0,2.2,2019-04-16 00:00:00, 서울 , 현직원 ,마케팅/시장조사 
40,디자인 | 전직원 | 서울 | 2019/4/15,여기 오래 다닌 사람들 진짜 정신병 검사해봐야 함 자기주도적으로 일하기 감사한 마음 가지기 등 온갖 노예 스러운 것들을 원하는 기업,업무가 없는 시간에도 프로젝트란 명목으로 트레이닝을 하는 것을 좋아하므로 발전을 할수 있음,직원들의 아이디어를 착즙하며 여기 오래 다닌 사람들 진짜 정신병 검사해봐야 함 자기주도적으로 일하기 감사한 마음 가지기 등 온갖 노예 스러운 것들을 원함 하느님의 왕국 건설을 위해 이바지하고 싶다면 추천 그리고 경쟁을 너무 좋아함 새벽에 사람 불러 업무외적의 것을 하는 것을 좋아하는 기업,자기가 대단한 신인척 강의 다니지 말았으면 하고 도덕적 결함에 대해서도 한번 생각해 봤으면 좋겠음,3.0,3.0,1.0,1.0,1.0,1.8,2019-04-15 00:00:00, 서울 , 전직원 ,디자인 
41,경영/기획/컨설팅 | 전직원 | 서울 | 2019/4/10,독특한 문화로 말도 많이 나오지만 미션이 확실한 회사,미션 중심 회사 기업의 미션에 공감하고 동의하는 사람들은 정말 열심히 일하는 분위기 비교적 실무진에게 권한이 많다,지금은 조금 나아졌지만 7시 출근 등 과한 빡셈이 있다,불만이나 건의 사항이 많은 분들도 있겠지만 저는 딱히 없습니다,3.0,3.0,3.0,4.0,3.0,3.2,2019-04-10 00:00:00, 서울 , 전직원 ,경영/기획/컨설팅 
42,생산/제조 | 현직원 | 서울 | 2019/4/7,자기 사업을 위해 일을 빠르게 배우고 싶다면 추천 합니다 사원이든 주임이든 대리든 적극성만 있다면 하고 싶은 일이나 PJ를 진행할 수 있습니다,주도적으로 일을 할 경우 많은 것들을 경험할 수 있다 톱니바퀴처럼 주어진 일을 한다기 보다는 해결해야하는 분야 안에서 본인이 하고 싶은대로 해볼 수 있다 물론 컨펌을 받긴 하지만 규모가 큰 회사 중 가장 많은 주도성을 가질 수 있는 곳이라 생각한다,인사이동은 다른 기업도 그럴 수 있지만 잦다 인재풀을 돌리는 것이 썩지 않게 하는 방법이라 믿는다 페이퍼워크가 꽤 있다 했던 일 지금 일 앞으로 할 일에 대한 설득을 위한 보고들이 많다 업무량도 많다 그냥 많다 브랜드바이브랜드라 요새는 빠르게 퇴근 하는 브랜드도 있는 것 같다,,3.0,3.0,2.0,3.0,1.0,2.4,2019-04-07 00:00:00, 서울 , 현직원 ,생산/제조 
43,경영/기획/컨설팅 | 전직원 | 서울 | 2019/4/7,경력이직의 경우 건너건너건너라도 기업 내 지인이 있다면 꼭 이야기를 들어보고 입사여부를 결정할 것,술마시는 회식이 없다는 것은 다른 회사의 회식 접대문화에 염증이 난 사람에게는 메리트가 될 수 있을 것 같다 사원대리급이라도 업무범위가 넓고 해볼 수 있는 일이 많은 편이다,종교 프로젝트중심 등 기업문화가 아주 독특하다 그래서 회식이 없는 대신 기업문화관련 이벤트가 아주 많다 출근시간이 아주 빠르고 업무강도가 높은 편이다,,2.0,2.0,1.0,1.0,2.0,1.6,2019-04-07 00:00:00, 서울 , 전직원 ,경영/기획/컨설팅 
44,영업/제휴 | 전직원 | 서울 | 2019/3/31,복지와 환경이 잘 갖춰진 곳 패션업계에서는 비교적 좋은 환경,배움과 성장하기에 좋은 곳 패션유통등 연계되어 있어 계열사 협업이 가능하다,승진제도 기준을 알 수 없다 성과를 올려도 진급이 안되는 경우가 있으며 진급에 대한 뚜렷한 기준이 없다,성과에 대한 확실한 보상이 있었으면 좋겠다,2.0,4.0,3.0,4.0,3.0,3.2,2019-03-31 00:00:00, 서울 , 전직원 ,영업/제휴 
45,경영/기획/컨설팅 | 전직원 | 서울 | 2019/3/27,동종업계중 상위권 연봉을 받을수 있었음 조직의 유연성이 커 의견을 낼수있는 기회가 많았음,다양한 내부교육 기회 제공 조직의 유연성이 커 개인의 의견을 낼 기회가 많았음,조직의 운영구조가 별도로 없어 대부분의 것을 알아서 해야 했었음,,3.0,3.0,2.0,2.0,2.0,2.4,2019-03-27 00:00:00, 서울 , 전직원 ,경영/기획/컨설팅 
46,경영/기획/컨설팅 | 현직원 | 서울 | 2019/3/25,헬조선 패션업 사관학교 여기서 살아남으면 타사 가서도 생존 가능,일개 주임 대리가 타사 과차장급 의사결정 가능함 하고 싶은 비즈니스 구상 컨펌 가능 체계가 없으나 혼자서 다 해내야 하기 때문에 회사돈으로 개인사업 체험 가능,직원 복지에 회사가 관심 없음 연봉상승 쥐꼬리만한 수준 능력있는 이들은 미리 이직하거나 창업해서 나가고 부족한 이들만 남는 구조,,3.0,2.0,3.0,2.0,2.0,2.4,2019-03-25 00:00:00, 서울 , 현직원 ,경영/기획/컨설팅 
47,마케팅/시장조사 | 현직원 | 서울 | 2019/3/11,공정함 기준 없는 회사 특히 따를 리더가 없음 회장님 한마디에 벌벌,부서이동이 자유로운편 다양한 부서이동으로 경험에 폭을 넓힐수 있음,워라벨보장안됨 월급루팡 많음 기준 없음 인사팀이 경영자 비서임,인사제도 개편 취업규칙 준수 월급 인상몇년째 동결,2.0,2.0,1.0,2.0,1.0,1.6,2019-03-11 00:00:00, 서울 , 현직원 ,마케팅/시장조사 
48,생산/제조 | 현직원 | 서울 | 2019/3/10,경험을 쌓고 개인 성장을 하기에 좋은 회사이나 반대로 개인이 책임져야 하는 부분이 많은 회사,브랜드 직무마다 다를 수는 있지만 바텀업에서 가져오는 전략이 근거만 명확하다면 받아주는 편 즉 도전정신이 있고 진취적인 사람에게는 다양한 업무를 경험하면서 성장할 수 있음 동종업계에서는 연봉이 높은편이직시 연봉 맞춰가면 잘한 정도,장점의 반대 급부일 수 있는데 업무가 명확하게 정리 되지 않은 면이 있다 야근이 많을 수 있다,위에서 방향을 제시하거나 책임지는 부분이 명확해야 한다 직원이 방향을 찾고 책임져야하는 부분이 많다,3.0,3.0,1.0,2.0,2.0,2.2,2019-03-10 00:00:00, 서울 , 현직원 ,생산/제조 
49,유통/무역 | 전직원 | 서울 | 2019/3/10,시스템이 잘 갖춰져 있으나 사람에 대한 소중함을 모르는 비 인간적이고 비 기독교 적인 위선만 가득한 회사,시스템이 잘 갖춰져 있고 나름 워라벨도 최근에는 좋아졌음,헛 똑똑한 인사제도 승진이 잘 안되고 대리에서 다 만남 대기업 병에 걸려있어서 속도가 안닌ㅁ,,1.0,4.0,3.0,1.0,2.0,2.2,2019-03-10 00:00:00, 서울 , 전직원 ,유통/무역 
50,생산/제조 | 전직원 | 충남 | 2019/3/4,아르바이트지만 직원처럼일함 빨리빨리움직여야함 잔특근도있음,윗사람눈치볼일없고 아침에 국민체조를함 박스가무겁긴하지만 쉬운업무임 밥이맛있다,무거운박스가 많이 무거움 하지만 그건 옆사람한테 같이 들어달라하면됨 겨울엔 무진장 추움,겨울에 많이 추우니 덜 추울수있는 방안을 제시해 주시면 좋겠습니다,3.0,3.0,3.0,3.0,3.0,3.0,2019-03-04 00:00:00, 충남 , 전직원 ,생산/제조 
51,영업/제휴 | 전직원 | 서울 | 2019/3/1,직원 헌신으로 성장한 회사라고 보여집니다 성장은 빨리 할 수 있습니다,다른 회사와 비교 불가 여름휴가2주연차포함의 매력이 큽니다,대리에서 과장 되기가 하늘에서 별따기입니다 승진 적체가 심해요,쪼기보단 믿어주는 경영을 해주시면 직원 근속 기간이 길어질 것 같습니다,1.0,3.0,2.0,2.0,1.0,1.8,2019-03-01 00:00:00, 서울 , 전직원 ,영업/제휴 
52,디자인 | 전직원 | 서울 | 2019/2/26,급여는 낮았지만 많은 것을 배우고 좋은 사람들과 함께 할 수 있었던 기업,비지니스를 이해하는 기본을 잘 배울수 있는 계기였음 실물 비지니스를 배우고 싶은 분들에게는 추천,낮았던 연봉 지금은 올랐다고 하지만 시간을 많이 소모하는 행사가 많았음,성장을 위해 어떤사람들이 실제로 수고하고 실천하는지 잘 구분하여 보상할 필요가 있습니다,5.0,3.0,4.0,4.0,3.0,3.8,2019-02-26 00:00:00, 서울 , 전직원 ,디자인 
53,영업/제휴 | 전직원 | 서울 | 2019/2/16,이랜드는 인사발령이 너무 잦고 수시로 보직변경하여 전문성을 키우기어렵다 하지만 다양한경험과 지식의 폭을 넓히는것에는 강점임,다양한보직경험 크리스찬기업문화 직원들이 좋음 사내문화는좋은곳,시스템없음 성과를 성과로보지않으며 계속 성과내라고함 일중심회사,직원들이 근무할수록 경험과 노하우가 축척되는데 근무연한이 쌓인직원들을 내보내려하는것은 어리석은것,1.0,2.0,2.0,4.0,1.0,2.0,2019-02-16 00:00:00, 서울 , 전직원 ,영업/제휴 
54,서비스/고객지원 | 전직원 | 대구 | 2019/2/16,개인의 능력을 발휘할 기회 많이 제공되는 편이다,연차는 생각보다 눈치없이 사용 가능하고 공휴일 근무에 대해서는 확실하게 지켜지는 편이다,시즌오프의 경우 야근이 자주 있으며 식대가 나오지 않는 것이 아쉽다,조금 더 현장에 있는 직원들을 위한 복지가 마려되었으면 좋겠다,3.0,4.0,4.0,3.0,2.0,3.2,2019-02-16 00:00:00, 대구 , 전직원 ,서비스/고객지원 
55,마케팅/시장조사 | 현직원 | 서울 | 2019/2/14,고객에게는 가성비있는 상품을 제공하는 좋은 기업이지만 직원에게도 좋은지는 의문이다,처음부터 끝까지 다 잘하게될 수 있음 젊은 연차에 많은 일을 경험할 수 있음 술을 안먹음 담배를 피우는 사람이 적어서 담배타임이 거의 존재하지 않음 여성에 대한 차별이나 성희롱 등은 지금껏 한번도 경험한적은 없음 여성이 다니기 좋은 기업인것은 확실함,전문성이 없어서 스스로 배워서 성장해야함 투자보다는 현상 유지 비용절감에 관심이 큼 시스템보다는 맨파워로 돌아가는 회사,,3.0,3.0,3.0,3.0,3.0,3.0,2019-02-14 00:00:00, 서울 , 현직원 ,마케팅/시장조사 
56,마케팅/시장조사 | 현직원 | 서울 | 2019/2/9,인당생산성과 과업이 정말 너무 많지만 쉴때 쉴수있는 회사,연차 사용이 자유롭고 연봉수준이 낮지는 않아서 눈치 안보면서 쉴수는 있음 회사라서 정치적인 부분이 없진않지만 없어도 다닐 수있는 회사,폐쇠적인 문화로 인해서 다양성이 인정되지 않고 회사 자체가 굉장히 시야가 좁으며 복지수준이 낮고 한사람이 커버해야하는 업무영역 자체가 너무 넓어서 다양한 경험은 하지만 깊지않을 수있다 비용대비 효율관점이 커서 절대 투자는 없음,,3.0,2.0,4.0,3.0,2.0,2.8,2019-02-09 00:00:00, 서울 , 현직원 ,마케팅/시장조사 
57,영업/제휴 | 현직원 | 서울 | 2019/2/8,본인이 하고자 하는 열정을 보여준다면 학력무관하게 성장할 수 있음,판매직에 있는 소형점포에서는 연차 충분히 소진 가능함 1분 단위 근태체크로 수당 차감없음,카톡으로 전달하는 사항들이 많음 프로모션이 갑작스럽게 공유되어 현장직에서는 시간 촉받하게 움직여야 하는경우 발생,프로모션이 있으면 미리 선공지하여 현장에서 충분하게 움직일 시간이 필요함,3.0,3.0,3.0,3.0,3.0,3.0,2019-02-08 00:00:00, 서울 , 현직원 ,영업/제휴 
58,디자인 | 전직원 | 서울 | 2019/2/3,신입사원부터 재직하기를 추천함 공채 카르텔 심함 요즘은 바뀌어 가는 듯 하지만 고립된 문화,독서권장분위기 라인과 시류를 잘 맞으면 나이에 비해 빠른 승진 영업관련 부서는 성과 좋으면 승진 매우 빠름,어려운 경영상황을 타계하고자 조직 변화를 많이 고민하고 있음 그러나 그 와중에 오래된 조직은 과장급 젊은 사람들조차 마인드 올드함 상상 그들만의 고유한 업무 방식과 승진 체계가 있음 이런 조직은 다음은 어느 직위에 어느 누가 승진할 것인지 그냥 다 보임 성과중심이라고 말하는데 숫자로 검증되지 않는 부서는 그들만의 리그로 운영됨 디자인 경력 비추,경영진 교체가 잦아서 짧은 시간안에 성과를 검증해야되는 것이 안타깝다 이에 따라 아래 조직도 변화가 잦다 젊은 관리자 혹은 경영진조차 라인 만드는 것이 기본 문화이다,2.0,2.0,2.0,3.0,2.0,2.2,2019-02-03 00:00:00, 서울 , 전직원 ,디자인 
59,서비스/고객지원 | 전직원 | 서울 | 2019/1/24,의류계통에 관심과 흥미가 있으면 충분히 매력적인 직무이다,서비스직 직종에 경력 쌓기가 좋고 진입장벽이 낮은 장점이 있다,업무가 비효율적이며 서비스업의 특성상 주말 근무라 필수이기때문에 워라벨은 기대하기 힘들다,직원들의 불만을 해결해주고 효율적으로 업무 하달을 해줬으면 좋겠음,2.0,2.0,2.0,3.0,2.0,2.2,2019-01-24 00:00:00, 서울 , 전직원 ,서비스/고객지원 
60,마케팅/시장조사 | 현직원 | 서울 | 2019/1/23,패션에 대한 커리어 쌓을 수 있고 부딪히면서 배울 수 있음,팀에 따라서 다르긴 하나 오히려 연차나 휴가 자유롭게 쓸 수 있음,답답함 군대문화 명확한 조직도와 보고라인 책임이 없다,,1.0,3.0,3.0,2.0,2.0,2.2,2019-01-23 00:00:00, 서울 , 현직원 ,마케팅/시장조사 
61,디자인 | 전직원 | 서울 | 2019/1/21,이렇게 일을 하니 성장하나봄 요즘엔 어떤지 모르겟지만 발전가능성은 있어보임,역에 가까워서 출퇴근이 편하고 식당과 값싼 커피가 기억에 남음 빡세서 일배우기는 좋을듯 낮은 연차때 다니는게 좋을것같다,야근이 많다 일랜드라는 이유가 있음 고인물이 썩는다고 오래된 사람들이 많음,사업만 여기저기 키우지 마시고 현재 사업들에 집중해서 구시대적인 마인드를 좀 버리셨음,3.0,3.0,1.0,3.0,3.0,2.6,2019-01-21 00:00:00, 서울 , 전직원 ,디자인 
62,서비스/고객지원 | 전직원 | 서울 | 2019/1/13,일많은 회사에요 별로에요 인턴들어가면 빼먹을때까지 쓰라네요 상사가,연차 눈치 있어요 기독교회사에요 사람쓰러지는거 봤어요 알바생 무시해요,퇴근시간은 당연히 늦어요 휴무말도 일할때 많아요 전화와요,딱히 바라는게 없네요 이미 퇴사해서 감사합니다,2.0,2.0,2.0,2.0,2.0,2.0,2019-01-13 00:00:00, 서울 , 전직원 ,서비스/고객지원 
63,경영/기획/컨설팅 | 현직원 | 서울 | 2019/1/13,성장 하기에는 좋은 환경이며 좋은 사람들과 일할 수 있는 기회가 많음,개인의 성장에 있어 최고의 환경임 많은 기회와 직접 성과 낼 수 있는 다양한 업무를 할 수 있음,성장의 기회가 큰 만큼 많은 고민과 진정성을 가지고 임해야함,앞으로도 잘 이끌어 주시고 기업의 문화가 지금 처럼 서로 돕고 상생하는 문화로 계속 남아 있을 수 있게 도움을 주시면 좋을 듯 합니다,5.0,5.0,5.0,5.0,5.0,5.0,2019-01-13 00:00:00, 서울 , 현직원 ,경영/기획/컨설팅 
64,마케팅/시장조사 | 전직원 | 서울 | 2019/1/12,꽉막힌 조직으로 성장할수 있는 기회가 적음 아줌마들이 판침,나름 중견 대기업사이를 오가는 부분은 그나마 괜찮은듯함,조직은 답답하고 정치가 너무 심함 기독교적인 행가사 많고 체계적이지못함,직원들의 워라벨이 충분히 떨어지는것을알면서도 눈감고 쉬쉬함,1.0,2.0,1.0,5.0,1.0,2.0,2019-01-12 00:00:00, 서울 , 전직원 ,마케팅/시장조사 
65,영업/제휴 | 전직원 | 서울 | 2018/12/28,낮은 직책에도 큰 책임감과 일을 해볼수있는곳이지만 건강관리는 필수정,주말출근도 종종하며 패션업계상 항상 바쁘며 다음계절 의류를 위해 준비를 해야하는 상황임,시스템이 아닌 사람에게 의존하며 희생을 강요하는 기업문화와 기독교인이 아니면 과장 이상 승진을 해주지않는 분위기,,2.0,3.0,1.0,1.0,1.0,1.6,2018-12-28 00:00:00, 서울 , 전직원 ,영업/제휴 
66,영업/제휴 | 현직원 | 서울 | 2018/12/22,사람들관계가 젠틀하나 패션브랜드중에서도 업무가 아니라 아부로 평가되는 부분이 있습니다 또한 현장진급자들의 한계가 있어 공채점장 또는 SPA현장전문가 등의 타이틀 공고제목에는 지원하지마세요,배울게 진짜 많습니다 매장의 한관리자가 해야하는일이 하루평균 15가지이상,배우다가 하루가 갑니다 환경이 너무 자주 변해 그에따라 적응하기가 정말 힘듭니다,동종업계대비 복리후생이 나쁜편은 아닙니다만 현장출신으로 본부와 현장의 경계가 분명히 있습니다 현장중심을 외치는 회사라고 소개하시기전에,4.0,4.0,1.0,1.0,1.0,2.2,2018-12-22 00:00:00, 서울 , 현직원 ,영업/제휴 
67,경영/기획/컨설팅 | 현직원 | 서울 | 2018/12/21,맨땅에 헤딩하기에 좋은곳 신입이지만 신입과 동시에 팀장처럼 책임을 다 주는 곳,5년 빡쎄게 배우고 사업하기에 좋은 곳이자 동시에 일못해도 뭐라 안하는 곳,위에 제대로 된 전문가가 1도 없는 회사 노래와 춤 적당한 열정과 정치를 잘하고 적이 없음 승진할 수 있는 곳,,2.0,3.0,2.0,3.0,1.0,2.2,2018-12-21 00:00:00, 서울 , 현직원 ,경영/기획/컨설팅 
68,생산/제조 | 현직원 | 서울 | 2018/12/14,개인의 역량에 따라 빠르게 성장할 수 있는 곳,특정선까지는 빠르게 성장할 수 있는곳 패션 한정 최근 사내 복지도 많이 좋아지고 업무량이나 출퇴근도 많이 좋아짐 여직원들이 많아 육아휴직등을 사용하기가 비교적 용이,사내 화두에 지나치게 흔들리는 편 특정 직급 이상으로 승진이 어려움,사내 승진 체계 개선 패션 업계에 맞게 때로는 도전하는 모습도 보여주시길,3.0,4.0,3.0,3.0,2.0,3.0,2018-12-14 00:00:00, 서울 , 현직원 ,생산/제조 
69,경영/기획/컨설팅 | 현직원 | 서울 | 2018/12/14,능력만 인정 받으면 업무 구분 안하고 하고싶은거 다 할 수 있게 열어줌,2주 휴가 쓸 수 있고 요즘에는 주 52시간 시행해서 5시면 다 퇴근하는 분위기가 조성됨,기업문화가 다소 딱딱한 느낌이 있음 그리고 약간 개인적인 성향들이 강함 하지만 술회식 없어서 여자들이 다니기 좋은 회사임,회사의 앞으로의 비전에 대해 적극적으로 직원들과 공유해주고 소통해주길 바람,3.0,5.0,5.0,3.0,4.0,4.0,2018-12-14 00:00:00, 서울 , 현직원 ,경영/기획/컨설팅 
70,디자인 | 전직원 | 서울 | 2018/12/13,쓸데 없는 일이 너무 많음 본사 옷을 본사 직원만 사 입는 기분,나름 큰 기업이라 자랑할 수 있음 이랜드 계열 직원가 할인 초봉은 넉넉한 편 쥐어짜도 최소 서른자가 안 되네,쓸데 없는 일 때문에 야근이 많고 업무 절차의 군더더기가 많음 월급이 약값으로 나감,퇴사 후 주변에 이랜드 출신들이 참 많음 그만큼 오래 다닐 직장은 아니라는 얘기임 구조자체를 바꿔야 될 것 같은 회사임 그런데 아마 못 바꿀 거임,2.0,2.0,1.0,2.0,2.0,1.8,2018-12-13 00:00:00, 서울 , 전직원 ,디자인 
71,IT/인터넷 | 전직원 | 서울 | 2018/12/5,꿈과 희망을 잃는 곳 관리자가 제대로 관리를 못함,회식을 안하고 꼰대 문화가 적음 일이 많지 않음 사람은 좋은 회사,기독교 활동을 강요함 회사의 비전이 없고 다들 의욕이 없음 이유는 직급 상승이 어려움 대리랜드라는 말이 괜히 있는 것이 아님,기업이 나아갈 방향에 대해서 직원과 공유하고 신뢰를 주는 것이 중요하다,2.0,3.0,3.0,3.0,3.0,2.8,2018-12-05 00:00:00, 서울 , 전직원 ,IT/인터넷 
